{"cameraMode":{"drawMode":0,"name":"Shaded","section":"Shading Mode"},"sceneLighting":true,"audioPlay":false,"sceneViewState":{"m_AlwaysRefresh":false,"showFog":true,"showSkybox":true,"showFlares":true,"showImageEffects":true,"showParticleSystems":true,"showVisualEffectGraphs":true,"m_FxEnabled":true},"in2DMode":false,"pivot":{"x":-24.49317169189453,"y":4.382107257843018,"z":-27.797393798828126},"rotation":{"x":0.016390485689044,"y":0.11463046818971634,"z":-0.0018916144035756589,"w":0.9932721257209778},"size":7.199406623840332,"orthographic":true}